problem,scenario,topo_size
dns_record_error,ospf_enterprise_dhcp,s
host_crash,dc_clos_bgp,s
host_ip_conflict,dc_clos_bgp,s
host_incorrect_dns,ospf_enterprise_dhcp,s
host_incorrect_gateway,ospf_enterprise_dhcp,s
host_incorrect_ip,ospf_enterprise_static,s
host_incorrect_netmask,ospf_enterprise_static,s
host_missing_ip,ospf_enterprise_static,s
dhcp_service_down,ospf_enterprise_dhcp,s
dns_service_down,ospf_enterprise_dhcp,s
host_vpn_membership_missing,rip_small_internet_vpn,s
link_detach,dc_clos_bgp,s
link_down,dc_clos_bgp,s
link_flap,dc_clos_bgp,s
link_fragmentation_disabled,dc_clos_bgp,s
arp_acl_block,ospf_enterprise_dhcp,s
bgp_acl_block,dc_clos_bgp,s
dns_port_blocked,ospf_enterprise_dhcp,s
http_acl_block,ospf_enterprise_dhcp,s
icmp_acl_block,ospf_enterprise_dhcp,s
ospf_acl_block,ospf_enterprise_dhcp,s
bgp_asn_misconfig,dc_clos_bgp,s
bgp_blackhole_route_leak,dc_clos_bgp,s
bgp_hijacking,dc_clos_service,s
bgp_missing_route_advertisement,dc_clos_bgp,s
host_static_blackhole,dc_clos_bgp,s
dhcp_missing_subnet,ospf_enterprise_dhcp,s
mac_address_conflict,ospf_enterprise_dhcp,s
ospf_area_misconfiguration,ospf_enterprise_dhcp,s
ospf_neighbor_missing,ospf_enterprise_dhcp,s
flow_rule_loop,sdn_clos,s
flow_rule_shadowing,sdn_clos,s
sdn_controller_crash,sdn_clos,s
southbound_port_block,sdn_clos,s
southbound_port_mismatch,sdn_clos,s
p4_header_definition_error,p4_bloom_filter,-
p4_compilation_error_parser_state,p4_bloom_filter,-
mpls_label_limit_exceeded,p4_mpls,-
p4_table_entry_misconfig,p4_bloom_filter,-
p4_table_entry_missing,p4_bloom_filter,-
bmv2_switch_down,p4_bloom_filter,-
frr_service_down,ospf_enterprise_dhcp,s
arp_cache_poisoning,ospf_enterprise_dhcp,s
dhcp_spoofed_dns,ospf_enterprise_dhcp,s
dhcp_spoofed_gateway,ospf_enterprise_dhcp,s
web_dos_attack,ospf_enterprise_dhcp,s
link_bandwidth_throttling,dc_clos_bgp,s
link_high_packet_corruption,dc_clos_bgp,s
dns_lookup_latency,ospf_enterprise_dhcp,s
load_balancer_overload,ospf_enterprise_dhcp,s
incast_traffic_network_limitation,ospf_enterprise_dhcp,s
sender_resource_contention,ospf_enterprise_dhcp,s
sender_application_delay,ospf_enterprise_dhcp,s
receiver_resource_contention,ospf_enterprise_dhcp,s
